"","date","RUA.Adjusted"
"1",2020-01-02,1906.5
"2",2020-01-03,1894.53002929688
"3",2020-01-06,1900.90002441406
"4",2020-01-07,1896.01000976562
"5",2020-01-08,1905.02001953125
"6",2020-01-09,1916.7099609375
"7",2020-01-10,1911.28002929688
"8",2020-01-13,1925.21997070312
"9",2020-01-14,1923.63000488281
"10",2020-01-15,1927.32995605469
"11",2020-01-16,1944.23999023438
"12",2020-01-17,1949.86999511719
"13",2020-01-21,1944.32995605469
"14",2020-01-22,1945.0400390625
"15",2020-01-23,1947.13000488281
"16",2020-01-24,1929.11999511719
"17",2020-01-27,1899.61999511719
"18",2020-01-28,1918.66003417969
"19",2020-01-29,1916.53002929688
"20",2020-01-30,1922.25
"21",2020-01-31,1888.03002929688
"22",2020-02-03,1903.63000488281
"23",2020-02-04,1933.07995605469
"24",2020-02-05,1952.67004394531
"25",2020-02-06,1957.77001953125
"26",2020-02-07,1946.34997558594
"27",2020-02-10,1960.48999023438
"28",2020-02-11,1965.18005371094
"29",2020-02-12,1977.98999023438
"30",2020-02-13,1976.21997070312
"31",2020-02-14,1979.52001953125
"32",2020-02-18,1974.67004394531
"33",2020-02-19,1984.26000976562
"34",2020-02-20,1978.55004882812
"35",2020-02-21,1957.64001464844
"36",2020-02-24,1893
"37",2020-02-25,1834.58996582031
"38",2020-02-26,1824.73999023438
"39",2020-02-27,1745.7099609375
"40",2020-02-28,1730.31005859375
"41",2020-03-02,1805.7099609375
"42",2020-03-03,1756.9599609375
"43",2020-03-04,1828.13000488281
"44",2020-03-05,1766.36999511719
"45",2020-03-06,1735.01000976562
"46",2020-03-09,1598.84997558594
"47",2020-03-10,1674.56994628906
"48",2020-03-11,1589.48999023438
"49",2020-03-12,1435.93994140625
"50",2020-03-13,1564.7099609375
"51",2020-03-16,1371.96997070312
"52",2020-03-17,1451.41003417969
"53",2020-03-18,1366.61999511719
"54",2020-03-19,1382.83996582031
"55",2020-03-20,1324.80004882812
"56",2020-03-23,1288.0400390625
"57",2020-03-24,1409.88000488281
"58",2020-03-25,1429.25
"59",2020-03-26,1517.56994628906
"60",2020-03-27,1466.35998535156
"61",2020-03-30,1512.39001464844
"62",2020-03-31,1489.56994628906
"63",2020-04-01,1420.27001953125
"64",2020-04-02,1449.52001953125
"65",2020-04-03,1425.06994628906
"66",2020-04-06,1527.2099609375
"67",2020-04-07,1526.5400390625
"68",2020-04-08,1581.13000488281
"69",2020-04-09,1609.06994628906
"70",2020-04-13,1590.31994628906
"71",2020-04-14,1637.82995605469
"72",2020-04-15,1599.47998046875
"73",2020-04-16,1607.03002929688
"74",2020-04-17,1653.16003417969
"75",2020-04-20,1625.06994628906
"76",2020-04-21,1575.5
"77",2020-04-22,1610.5400390625
"78",2020-04-23,1611.4599609375
"79",2020-04-24,1634.11999511719
"80",2020-04-27,1663.34997558594
"81",2020-04-28,1657.17004394531
"82",2020-04-29,1705.31994628906
"83",2020-04-30,1684.94995117188
"84",2020-05-01,1635.58996582031
"85",2020-05-04,1643.19995117188
"86",2020-05-05,1658.60998535156
"87",2020-05-06,1647.92004394531
"88",2020-05-07,1669.08996582031
"89",2020-05-08,1700.52001953125
"90",2020-05-11,1700.03002929688
"91",2020-05-12,1662.81005859375
"92",2020-05-13,1630.36999511719
"93",2020-05-14,1648.60998535156
"94",2020-05-15,1656.81005859375
"95",2020-05-18,1713.06994628906
"96",2020-05-19,1694.89001464844
"97",2020-05-20,1724.96997070312
"98",2020-05-21,1713.72998046875
"99",2020-05-22,1718.66003417969
"100",2020-05-26,NA
"101",2020-05-27,1770.16003417969
"102",2020-05-28,1763.21997070312
"103",2020-05-29,1771.36999511719
"104",2020-06-01,1780.52001953125
"105",2020-06-02,1795.25
"106",2020-06-03,1822.18005371094
"107",2020-06-04,1816.08996582031
"108",2020-06-05,1864.21997070312
"109",2020-06-08,1889.67004394531
"110",2020-06-09,1871.67004394531
"111",2020-06-10,1858.5400390625
"112",2020-06-11,1746.69995117188
"113",2020-06-12,1771.06005859375
"114",2020-06-15,NA
"115",2020-06-16,1822.94995117188
"116",2020-06-17,1814.91003417969
"117",2020-06-18,1812.26000976562
"118",2020-06-19,1806.39001464844
"119",2020-06-22,1818.33996582031
"120",2020-06-23,1825.65002441406
"121",2020-06-24,1776.56994628906
"122",2020-06-25,1797.52001953125
"123",2020-06-26,1754.86999511719
"124",2020-06-29,1781.48999023438
"125",2020-06-30,1809.25
"126",2020-07-01,1817.42004394531
"127",2020-07-02,1825.96997070312
"128",2020-07-06,1854.4599609375
"129",2020-07-07,1833.98999023438
"130",2020-07-08,1849.55004882812
"131",2020-07-09,1838.08996582031
"132",2020-07-10,1858.09997558594
"133",2020-07-13,1836.84997558594
"134",2020-07-14,1861.80004882812
"135",2020-07-15,1883.65002441406
"136",2020-07-16,1876.17004394531
"137",2020-07-17,1882.57995605469
"138",2020-07-20,1899.03002929688
"139",2020-07-21,1902.5
"140",2020-07-22,1913.31994628906
"141",2020-07-23,1891.13000488281
"142",2020-07-24,1877.0400390625
"143",2020-07-27,1893.09997558594
"144",2020-07-28,1879.67004394531
"145",2020-07-29,1905.63000488281
"146",2020-07-30,1899.17004394531
"147",2020-07-31,1909.89001464844
"148",2020-08-03,1926.55004882812
"149",2020-08-04,1933.71997070312
"150",2020-08-05,1948.25
"151",2020-08-06,1958.0400390625
"152",2020-08-07,1959.47998046875
"153",2020-08-10,1963.88000488281
"154",2020-08-11,1948.2900390625
"155",2020-08-12,1974.47998046875
"156",2020-08-13,1972.22998046875
"157",2020-08-14,1971.33996582031
"158",2020-08-17,1979.63000488281
"159",2020-08-18,1982.48999023438
"160",2020-08-19,1973.89001464844
"161",2020-08-20,1980.2900390625
"162",2020-08-21,1984.98999023438
"163",2020-08-24,2003.67004394531
"164",2020-08-25,2010.61999511719
"165",2020-08-26,2029.42004394531
"166",2020-08-27,2033.83996582031
"167",2020-08-28,2047.81005859375
"168",2020-08-31,2045.01000976562
"169",2020-09-01,2062.43994140625
"170",2020-09-02,2089.830078125
"171",2020-09-03,2014.84997558594
"172",2020-09-04,1997.88000488281
"173",2020-09-08,1940.98999023438
"174",2020-09-09,1980.15002441406
"175",2020-09-10,1947.5400390625
"176",2020-09-11,1946.97998046875
"177",2020-09-14,1977.21997070312
"178",2020-09-15,1988.41003417969
"179",2020-09-16,1981.53002929688
"180",2020-09-17,1964.59997558594
"181",2020-09-18,1945.71997070312
"182",2020-09-21,1922.2900390625
"183",2020-09-22,1941.2099609375
"184",2020-09-23,1893.68005371094
"185",2020-09-24,1897.83996582031
"186",2020-09-25,1929.69995117188
"187",2020-09-28,1962.16003417969
"188",2020-09-29,1953.05004882812
"189",2020-09-30,1968.08996582031
"190",2020-10-01,1982.83996582031
"191",2020-10-02,1966.36999511719
"192",2020-10-05,2003.31994628906
"193",2020-10-06,1978.30004882812
"194",2020-10-07,2013.43994140625
"195",2020-10-08,2029.89001464844
"196",2020-10-09,2047.35998535156
"197",2020-10-12,2077.67993164062
"198",2020-10-13,2066.5400390625
"199",2020-10-14,2053.25
"200",2020-10-15,2051.98999023438
"201",2020-10-16,2051.06005859375
"202",2020-10-19,2019.51000976562
"203",2020-10-20,2027.26000976562
"204",2020-10-21,2020.35998535156
"205",2020-10-22,2033.07995605469
"206",2020-10-23,2040.89001464844
"207",2020-10-26,2002.73999023438
"208",2020-10-27,1995.96997070312
"209",2020-10-28,1928.01000976562
"210",2020-10-29,1950.13000488281
"211",2020-10-30,1923.69995117188
"212",2020-11-02,1947.63000488281
"213",2020-11-03,1984.78002929688
"214",2020-11-04,2026.55004882812
"215",2020-11-05,2068.4599609375
"216",2020-11-06,2065.669921875
"217",2020-11-09,2090.36010742188
"218",2020-11-10,2088.8798828125
"219",2020-11-11,2105.14990234375
"220",2020-11-12,2084.02001953125
"221",2020-11-13,2112.3798828125
"222",2020-11-16,2138.51000976562
"223",2020-11-17,2133.10009765625
"224",2020-11-18,2111.05004882812
"225",2020-11-19,2122.3701171875
"226",2020-11-20,2110.89990234375
"227",2020-11-23,2127.19995117188
"228",2020-11-24,2160.580078125
"229",2020-11-25,2158.96997070312
"230",2020-11-27,2166.60009765625
"231",2020-11-30,2154.2900390625
"232",2020-12-01,2176.67993164062
"233",2020-12-02,2179.1298828125
"234",2020-12-03,2181.57006835938
"235",2020-12-04,2204.080078125
"236",2020-12-07,2202.14990234375
"237",2020-12-08,2210.93994140625
"238",2020-12-09,2190.52001953125
"239",2020-12-10,2193.51000976562
"240",2020-12-11,2189.51000976562
"241",2020-12-14,2182.830078125
"242",2020-12-15,2212.48999023438
"243",2020-12-16,2215.17993164062
"244",2020-12-17,2232.169921875
"245",2020-12-18,2227
"246",2020-12-21,2220.10009765625
"247",2020-12-22,2220.3701171875
"248",2020-12-23,2222.64990234375
"249",2020-12-24,2228.6298828125
"250",2020-12-28,2240.85009765625
"251",2020-12-29,2232.01000976562
"252",2020-12-30,2237.76000976562
"253",2020-12-31,2248.43994140625
"254",2021-01-04,2215.419921875
"255",2021-01-05,2233.69995117188
"256",2021-01-06,2252.35009765625
"257",2021-01-07,2288.43994140625
"258",2021-01-08,2299.30004882812
"259",2021-01-11,2286.52001953125
"260",2021-01-12,2293.01000976562
"261",2021-01-13,2295.13989257812
"262",2021-01-14,2292.02001953125
"263",2021-01-15,2273.8798828125
"264",2021-01-19,2293.23999023438
"265",2021-01-20,2322.8701171875
"266",2021-01-21,2320.77001953125
"267",2021-01-22,2317.26000976562
"268",2021-01-25,2323.2099609375
"269",2021-01-26,2315.7099609375
"270",2021-01-27,2256.1298828125
"271",2021-01-28,2278.68994140625
"272",2021-01-29,2236.3701171875
"273",2021-02-01,2274.5400390625
"274",2021-02-02,2307.580078125
"275",2021-02-03,2309.93994140625
"276",2021-02-04,2337.5
"277",2021-02-05,2350.169921875
"278",2021-02-08,2371.84008789062
"279",2021-02-09,2371.69995117188
"280",2021-02-10,2370.669921875
"281",2021-02-11,2375.94995117188
"282",2021-02-12,2387.3701171875
"283",2021-02-16,2383.71997070312
"284",2021-02-17,2379.56005859375
"285",2021-02-18,2366.09008789062
"286",2021-02-19,2369.13989257812
"287",2021-02-22,2347.06005859375
"288",2021-02-23,2346.84008789062
"289",2021-02-24,2373.830078125
"290",2021-02-25,2311.17993164062
"291",2021-02-26,2303.21997070312
"292",2021-03-01,2360.90991210938
"293",2021-03-02,2338.26000976562
"294",2021-03-03,2304.68994140625
"295",2021-03-04,2268.02001953125
"296",2021-03-05,2310.96997070312
"297",2021-03-08,2298.76000976562
"298",2021-03-09,2334.85009765625
"299",2021-03-10,2350.46997070312
"300",2021-03-11,2380.73999023438
"301",2021-03-12,2384.01000976562
"302",2021-03-15,2400.89990234375
"303",2021-03-16,2392.11010742188
"304",2021-03-17,2399.7099609375
"305",2021-03-18,2358.47998046875
"306",2021-03-19,2360.35009765625
"307",2021-03-22,2373.419921875
"308",2021-03-23,2347.97998046875
"309",2021-03-24,2328.9599609375
"310",2021-03-25,2344.580078125
"311",2021-03-26,2383.30004882812
"312",2021-03-29,2373.02001953125
"313",2021-03-30,2371.10009765625
"314",2021-03-31,2382.73999023438
"315",2021-04-01,2413.169921875
"316",2021-04-05,2443.39990234375
"317",2021-04-06,2443.17993164062
"318",2021-04-07,2441.8798828125
"319",2021-04-08,2454.69995117188
"320",2021-04-09,2471.10009765625
"321",2021-04-12,2470.97998046875
"322",2021-04-13,2480.080078125
"323",2021-04-14,2472.03002929688
"324",2021-04-15,2499.02001953125
"325",2021-04-16,2506.65991210938
"326",2021-04-19,2490.6201171875
"327",2021-04-20,2470.26000976562
"328",2021-04-21,2496.25
"329",2021-04-22,2476.56005859375
"330",2021-04-23,2505.7900390625
"331",2021-04-26,2514.1298828125
"332",2021-04-27,2513.669921875
"333",2021-04-28,2511.32006835938
"334",2021-04-29,2523.30004882812
"335",2021-04-30,2503.56005859375
"336",2021-05-03,2509.05004882812
"337",2021-05-04,2489.30004882812
"338",2021-05-05,2488.3798828125
"339",2021-05-06,2503.36010742188
"340",2021-05-07,2523.92993164062
"341",2021-05-10,2493.5400390625
"342",2021-05-11,2474.98999023438
"343",2021-05-12,2418.0400390625
"344",2021-05-13,2446.39990234375
"345",2021-05-14,2486.56005859375
"346",2021-05-17,2480.28002929688
"347",2021-05-18,2461.2099609375
"348",2021-05-19,2452.88989257812
"349",2021-05-20,2479.419921875
"350",2021-05-21,2478.23999023438
"351",2021-05-24,2501.8701171875
"352",2021-05-25,2495.11010742188
"353",2021-05-26,2504.52001953125
"354",2021-05-27,2509.59008789062
"355",2021-05-28,2511.52001953125
"356",2021-06-01,2512.80004882812
"357",2021-06-02,2515.52001953125
"358",2021-06-03,2503.72998046875
"359",2021-06-04,2525.13989257812
"360",2021-06-07,2527.77001953125
"361",2021-06-08,2531.46997070312
"362",2021-06-09,2525.11010742188
"363",2021-06-10,2535.75
"364",2021-06-11,2543.669921875
"365",2021-06-14,2546.78002929688
"366",2021-06-15,2539.86010742188
"367",2021-06-16,2527.36010742188
"368",2021-06-17,NA
"369",2021-06-18,2492.36010742188
"370",2021-06-21,2527.90991210938
"371",2021-06-22,2541.5
"372",2021-06-23,2540.1201171875
"373",2021-06-24,2556.84008789062
"374",2021-06-25,2565.92993164062
"375",2021-06-28,2569.8701171875
"376",2021-06-29,2569.419921875
"377",2021-06-30,2570.65991210938
"378",2021-07-01,2583.19995117188
"379",2021-07-02,2597.75
"380",2021-07-06,2591.169921875
"381",2021-07-07,2595.10009765625
"382",2021-07-08,2572.35009765625
"383",2021-07-09,2604.48999023438
"384",2021-07-12,2611.27001953125
"385",2021-07-13,2596.580078125
"386",2021-07-14,2592.72998046875
"387",2021-07-15,2583.88989257812
"388",2021-07-16,2564.77001953125
"389",2021-07-19,2526.57006835938
"390",2021-07-20,2570.169921875
"391",2021-07-21,2593.84008789062
"392",2021-07-22,2595.330078125
"393",2021-07-23,2620.6201171875
"394",2021-07-26,2625.64990234375
"395",2021-07-27,2611.02001953125
"396",2021-07-28,2615.8798828125
"397",2021-07-29,2626.82006835938
"398",2021-07-30,2611.830078125
"399",2021-08-02,NA
"400",2021-08-03,2626.22998046875
"401",2021-08-04,2613.78002929688
"402",2021-08-05,2632.5400390625
"403",2021-08-06,2635.330078125
"404",2021-08-09,2632.81005859375
"405",2021-08-10,2634.080078125
"406",2021-08-11,2640.1201171875
"407",2021-08-12,2647.0400390625
"408",2021-08-13,2648.30004882812
"409",2021-08-16,2649.94995117188
"410",2021-08-17,2629.919921875
"411",2021-08-18,2603.06005859375
"412",2021-08-19,2601.55004882812
"413",2021-08-20,2625.09008789062
"414",2021-08-23,2650.6201171875
"415",2021-08-24,2659.30004882812
"416",2021-08-25,2666.47998046875
"417",2021-08-26,2649.81005859375
"418",2021-08-27,2677.89990234375
"419",2021-08-30,2686.90991210938
"420",2021-08-31,2682.85009765625
"421",2021-09-01,2686.19995117188
"422",2021-09-02,2695.40991210938
"423",2021-09-03,2694.19995117188
"424",2021-09-07,2682.73999023438
"425",2021-09-08,2675.97998046875
"426",2021-09-09,2665.68994140625
"427",2021-09-10,2644.669921875
"428",2021-09-13,2650.47998046875
"429",2021-09-14,2633.52001953125
"430",2021-09-15,2656.02001953125
"431",2021-09-16,2653.97998046875
"432",2021-09-17,2633.46997070312
"433",2021-09-20,2586.92993164062
"434",2021-09-21,2586.44995117188
"435",2021-09-22,2612.34008789062
"436",2021-09-23,2644.60009765625
"437",2021-09-24,2645.8798828125
"438",2021-09-27,2641.5
"439",2021-09-28,2586.10009765625
"440",2021-09-29,2587.98999023438
"441",2021-09-30,2559.71997070312
"442",2021-10-01,2589.830078125
"443",2021-10-04,2555.06005859375
"444",2021-10-05,2580.47998046875
"445",2021-10-06,2589.86010742188
"446",2021-10-07,2614.30004882812
"447",2021-10-08,2607.10009765625
"448",2021-10-11,2589.52001953125
"449",2021-10-12,2587.93994140625
"450",2021-10-13,2598.63989257812
"451",2021-10-14,2641.9599609375
"452",2021-10-15,2658.13989257812
"453",2021-10-18,2667.5
"454",2021-10-19,2685.919921875
"455",2021-10-20,2696.32006835938
"456",2021-10-21,2705.77001953125
"457",2021-10-22,2701.86010742188
"458",2021-10-25,2715.419921875
"459",2021-10-26,2716.71997070312
"460",2021-10-27,2696.61010742188
"461",2021-10-28,2725.93994140625
"462",2021-10-29,2730.64990234375
"463",2021-11-01,2742.73999023438
"464",2021-11-02,2750.6298828125
"465",2021-11-03,2770.92993164062
"466",2021-11-04,2779.7900390625
"467",2021-11-05,2790.56005859375
"468",2021-11-08,2794.6201171875
"469",2021-11-09,2785.55004882812
"470",2021-11-10,2758.11010742188
"471",2021-11-11,2761.92993164062
"472",2021-11-12,2781.43994140625
"473",2021-11-15,2780.2900390625
"474",2021-11-16,2791.56005859375
"475",2021-11-17,2780.27001953125
"476",2021-11-18,2785.05004882812
"477",2021-11-19,2777.60009765625
"478",2021-11-22,2764.51000976562
"479",2021-11-23,2765.86010742188
"480",2021-11-24,2773.75
"481",2021-11-26,2709.72998046875
"482",2021-11-29,2739.7900390625
"483",2021-11-30,2685.5400390625
"484",2021-12-01,2646.44995117188
"485",2021-12-02,2688.85009765625
"486",2021-12-03,2660.0400390625
"487",2021-12-06,2692.5
"488",2021-12-07,2750.22998046875
"489",2021-12-08,2762.09008789062
"490",2021-12-09,2735.65991210938
"491",2021-12-10,2755.38989257812
"492",2021-12-13,2729.21997070312
"493",2021-12-14,2707.5400390625
"494",2021-12-15,2751.18994140625
"495",2021-12-16,2722.7900390625
"496",2021-12-17,2703.69995117188
"497",2021-12-20,2670.68994140625
"498",2021-12-21,2724.05004882812
"499",2021-12-22,2750.51000976562
"500",2021-12-23,2768.36010742188
"501",2021-12-27,2803.73999023438
"502",2021-12-28,2798.35009765625
"503",2021-12-29,2801.8701171875
"504",2021-12-30,2795.90991210938
"505",2021-12-31,2788.13989257812
"506",2022-01-03,2804.92993164062
"507",2022-01-04,2800.40991210938
"508",2022-01-05,2739.34008789062
"509",2022-01-06,2739.19995117188
"510",2022-01-07,2725.60009765625
"511",2022-01-10,2721.6201171875
"512",2022-01-11,2748.59008789062
"513",2022-01-12,2752.63989257812
"514",2022-01-13,2712.90991210938
"515",2022-01-14,2714.169921875
"516",2022-01-18,2660.81005859375
"517",2022-01-19,2633.86010742188
"518",2022-01-20,2603.06005859375
"519",2022-01-21,2552.5400390625
"520",2022-01-24,2565.94995117188
"521",2022-01-25,2531.3798828125
"522",2022-01-26,2523.6298828125
"523",2022-01-27,2505.65991210938
"524",2022-01-28,2566.7900390625
"525",2022-01-31,2621.96997070312
"526",2022-02-01,2642.22998046875
"527",2022-02-02,2659.22998046875
"528",2022-02-03,2594.10009765625
"529",2022-02-04,2610.65991210938
"530",2022-02-07,2603.57006835938
"531",2022-02-08,2627.81005859375
"532",2022-02-09,2669.32006835938
"533",2022-02-10,2622.47998046875
"534",2022-02-11,2573.78002929688
"535",2022-02-14,2563.3798828125
"536",2022-02-15,2608.32006835938
"537",2022-02-16,2609.21997070312
"538",2022-02-17,2550.96997070312
"539",2022-02-18,2530.7099609375
"540",2022-02-22,2503.7099609375
"541",2022-02-23,2456.30004882812
"542",2022-02-24,2498.94995117188
"543",2022-02-25,2555.47998046875
"544",2022-02-28,2552.419921875
"545",2022-03-01,2512.32006835938
"546",2022-03-02,2560.02001953125
"547",2022-03-03,2541
"548",2022-03-04,2516.07006835938
"549",2022-03-07,2439.17993164062
"550",2022-03-08,2425.59008789062
"551",2022-03-09,2490.25
"552",2022-03-10,2479.64990234375
"553",2022-03-11,2445.11010742188
"554",2022-03-14,2422.01000976562
"555",2022-03-15,2472.1201171875
"556",2022-03-16,2532.64990234375
"557",2022-03-17,2566.4599609375
"558",2022-03-18,2598.19995117188
"559",2022-03-21,2593.89990234375
"560",2022-03-22,2624.6298828125
"561",2022-03-23,2590.89990234375
"562",2022-03-24,2626.90991210938
"563",2022-03-25,2637.3701171875
"564",2022-03-28,2655.48999023438
"565",2022-03-29,2694.0400390625
"566",2022-03-30,2672.43994140625
"567",2022-03-31,2631.72998046875
"568",2022-04-01,2643.19995117188
"569",2022-04-04,2663.92993164062
"570",2022-04-05,2625.72998046875
"571",2022-04-06,2597.3798828125
"572",2022-04-07,2605.669921875
"573",2022-04-08,2597.17993164062
"574",2022-04-11,2557.43994140625
"575",2022-04-12,2549.86010742188
"576",2022-04-13,2582.27001953125
"577",2022-04-14,2550.90991210938
"578",2022-04-18,2546.65991210938
"579",2022-04-19,2590.98999023438
"580",2022-04-20,2588.64990234375
"581",2022-04-21,2545.98999023438
"582",2022-04-22,2476.5
"583",2022-04-25,2492.330078125
"584",2022-04-26,2420.330078125
"585",2022-04-27,2423.65991210938
"586",2022-04-28,2482.03002929688
"587",2022-04-29,2393.6298828125
"588",2022-05-02,2409.35009765625
"589",2022-05-03,2420.6201171875
"590",2022-05-04,2491.44995117188
"591",2022-05-05,2399.5
"592",2022-05-06,2380.57006835938
"593",2022-05-09,2298.43994140625
"594",2022-05-10,2303.28002929688
"595",2022-05-11,2262.15991210938
"596",2022-05-12,2264.05004882812
"597",2022-05-13,2323.05004882812
"598",2022-05-16,2311.07006835938
"599",2022-05-17,2360.21997070312
"600",2022-05-18,2265.7099609375
"601",2022-05-19,2256.38989257812
"602",2022-05-20,2256.39990234375
"603",2022-05-23,2295.46997070312
"604",2022-05-24,2272.26000976562
"605",2022-05-25,2298.06005859375
"606",2022-05-26,2345.22998046875
"607",2022-05-27,2404.30004882812
"608",2022-05-31,2386.32006835938
"609",2022-06-01,2368.5
"610",2022-06-02,2415.68994140625
"611",2022-06-03,2377.330078125
"612",2022-06-06,2384.94995117188
"613",2022-06-07,2409.86010742188
"614",2022-06-08,2383.23999023438
"615",2022-06-09,2326.3798828125
"616",2022-06-10,2257.76000976562
"617",2022-06-13,2165.72998046875
"618",2022-06-14,2157.81005859375
"619",2022-06-15,2190.0400390625
"620",2022-06-16,2113.69995117188
"621",2022-06-17,2122.22998046875
"622",2022-06-21,2171.39990234375
"623",2022-06-22,2168.86010742188
"624",2022-06-23,2192.02001953125
"625",2022-06-24,2260.78002929688
"626",2022-06-27,2254.61010742188
"627",2022-06-28,2208.97998046875
"628",2022-06-29,2204.11010742188
"629",2022-06-30,2183.42993164062
"630",2022-07-01,2208.26000976562
"631",2022-07-05,2215.35009765625
"632",2022-07-06,2218.98999023438
"633",2022-07-07,2255.72998046875
"634",2022-07-08,2253.1298828125
"635",2022-07-11,2224.28002929688
"636",2022-07-12,2204.84008789062
"637",2022-07-13,2195.68994140625
"638",2022-07-14,2185.43994140625
"639",2022-07-15,2228.34008789062
"640",2022-07-18,2212.19995117188
"641",2022-07-19,2274.8701171875
"642",2022-07-20,2293.03002929688
"643",2022-07-21,2314.63989257812
"644",2022-07-22,2290.169921875
"645",2022-07-25,2293.51000976562
"646",2022-07-26,2265.9599609375
"647",2022-07-27,2325.26000976562
"648",2022-07-28,2354.28002929688
"649",2022-07-29,2386.01000976562
"650",2022-08-01,2380.52001953125
"651",2022-08-02,2367.4599609375
"652",2022-08-03,2405.44995117188
"653",2022-08-04,2403.57006835938
"654",2022-08-05,2403.2099609375
"655",2022-08-08,2404.01000976562
"656",2022-08-09,2389.4599609375
"657",2022-08-10,2444.82006835938
"658",2022-08-11,2443.080078125
"659",2022-08-12,2485.80004882812
"660",2022-08-15,2494.89990234375
"661",2022-08-16,2499.11010742188
"662",2022-08-17,2476.8798828125
"663",2022-08-18,2483.11010742188
"664",2022-08-19,2447.32006835938
"665",2022-08-22,2394.90991210938
"666",2022-08-23,2390.78002929688
"667",2022-08-24,2399.98999023438
"668",2022-08-25,2435.169921875
"669",2022-08-26,2353.5
"670",2022-08-29,2336.96997070312
"671",2022-08-30,2310.68994140625
"672",2022-08-31,2293.2099609375
"673",2022-09-01,2294.6298828125
"674",2022-09-02,2271.65991210938
"675",2022-09-06,2261.169921875
"676",2022-09-07,2304.26000976562
"677",2022-09-08,2321.40991210938
"678",2022-09-09,2359.5
"679",2022-09-12,2384.90991210938
"680",2022-09-13,2283.09008789062
"681",2022-09-14,2291.01000976562
"682",2022-09-15,2266.4599609375
"683",2022-09-16,2245.919921875
"684",2022-09-19,2261.71997070312
"685",2022-09-20,2234.46997070312
"686",2022-09-21,2196.8701171875
"687",2022-09-22,2172.7900390625
"688",2022-09-23,2133.669921875
"689",2022-09-26,2109.75
"690",2022-09-27,2107.4599609375
"691",2022-09-28,2152.44995117188
"692",2022-09-29,2106.34008789062
"693",2022-09-30,2077.61010742188
"694",2022-10-03,2131.6298828125
"695",2022-10-04,2200.89990234375
"696",2022-10-05,2195.419921875
"697",2022-10-06,2174.69995117188
"698",2022-10-07,2112.59008789062
"699",2022-10-10,2095.71997070312
"700",2022-10-11,2082.669921875
"701",2022-10-12,2076.34008789062
"702",2022-10-13,2127.60009765625
"703",2022-10-14,2076.07006835938
"704",2022-10-17,2133.14990234375
"705",2022-10-18,2158.48999023438
"706",2022-10-19,2139.78002929688
"707",2022-10-20,2122.52001953125
"708",2022-10-21,2171.38989257812
"709",2022-10-24,2194.27001953125
"710",2022-10-25,2234.36010742188
"711",2022-10-26,2220.06005859375
"712",2022-10-27,2208.84008789062
"713",2022-10-28,2260.9599609375
"714",2022-10-31,2245.81005859375
"715",2022-11-01,2238.86010742188
"716",2022-11-02,2179.9599609375
"717",2022-11-03,2158.27001953125
"718",2022-11-04,2184.80004882812
"719",2022-11-07,2204.56005859375
"720",2022-11-08,2216
"721",2022-11-09,2167.93994140625
"722",2022-11-10,2292.30004882812
"723",2022-11-11,2315.32006835938
"724",2022-11-14,2292.6201171875
"725",2022-11-15,2315.68994140625
"726",2022-11-16,2292.10009765625
"727",2022-11-17,2282.40991210938
"728",2022-11-18,2292.94995117188
"729",2022-11-21,2282.830078125
"730",2022-11-22,2313.6201171875
"731",2022-11-23,2327.14990234375
"732",2022-11-25,2327.55004882812
"733",2022-11-28,2290.330078125
"734",2022-11-29,2287.85009765625
"735",2022-11-30,2358.44995117188
"736",2022-12-01,2357.30004882812
"737",2022-12-02,2355.5
"738",2022-12-05,2309.19995117188
"739",2022-12-06,2275.35009765625
"740",2022-12-07,2270.78002929688
"741",2022-12-08,2288.40991210938
"742",2022-12-09,2270.63989257812
"743",2022-12-12,2303.36010742188
"744",2022-12-13,2320.61010742188
"745",2022-12-14,2307.11010742188
"746",2022-12-15,2248.94995117188
"747",2022-12-16,2224.52001953125
"748",2022-12-19,2202.2099609375
"749",2022-12-20,2205.98999023438
"750",2022-12-21,2239.26000976562
"751",2022-12-22,2207.01000976562
"752",2022-12-23,2219.32006835938
"753",2022-12-27,2209.7900390625
"754",2022-12-28,2182.38989257812
"755",2022-12-29,2222.72998046875
"756",2022-12-30,2217.13989257812
"757",2023-01-03,2207.55004882812
"758",2023-01-04,2226.330078125
"759",2023-01-05,2199.84008789062
"760",2023-01-06,2249.27001953125
"761",2023-01-09,2249.25
"762",2023-01-10,2266.71997070312
"763",2023-01-11,2296.75
"764",2023-01-12,2307.78002929688
"765",2023-01-13,2317.65991210938
"766",2023-01-17,2314.02001953125
"767",2023-01-18,2278.38989257812
"768",2023-01-19,2259.68994140625
"769",2023-01-20,2303.27001953125
"770",2023-01-23,2331.84008789062
"771",2023-01-24,2328.669921875
"772",2023-01-25,2328.919921875
"773",2023-01-26,2354.169921875
"774",2023-01-27,2361.86010742188
"775",2023-01-30,2330.2900390625
"776",2023-01-31,2367.61010742188
"777",2023-02-01,2394.88989257812
"778",2023-02-02,2432.31005859375
"779",2023-02-03,2406.10009765625
"780",2023-02-06,2388.8701171875
"781",2023-02-07,2418.61010742188
"782",2023-02-08,2391.330078125
"783",2023-02-09,2368.2900390625
"784",2023-02-10,2372.03002929688
"785",2023-02-13,2399.2900390625
"786",2023-02-14,2400.3701171875
"787",2023-02-15,2411.46997070312
"788",2023-02-16,2379
"789",2023-02-17,2371.75
"790",2023-02-21,2321.61010742188
"791",2023-02-22,2320.18994140625
"792",2023-02-23,2332.05004882812
"793",2023-02-24,2307.53002929688
"794",2023-02-27,2314.38989257812
"795",2023-02-28,2308.39990234375
"796",2023-03-01,2299.07006835938
"797",2023-03-02,2315.46997070312
"798",2023-03-03,2352.55004882812
"799",2023-03-06,2349.31005859375
"800",2023-03-07,2314.72998046875
"801",2023-03-08,2317.56005859375
"802",2023-03-09,2271.169921875
"803",2023-03-10,2232.52001953125
"804",2023-03-13,2225.419921875
"805",2023-03-14,2262.7099609375
"806",2023-03-15,2244.0400390625
"807",2023-03-16,2282.98999023438
"808",2023-03-17,2254.18994140625
"809",2023-03-20,2274.39990234375
"810",2023-03-21,2306.78002929688
"811",2023-03-22,2265.51000976562
"812",2023-03-23,2270.19995117188
"813",2023-03-24,2282.69995117188
"814",2023-03-27,2288.93994140625
"815",2023-03-28,2285.919921875
"816",2023-03-29,2318.44995117188
"817",2023-03-30,2330.52001953125
"818",2023-03-31,2366.27001953125
"819",2023-04-03,2372.97998046875
"820",2023-04-04,2356.40991210938
"821",2023-04-05,2347.63989257812
"822",2023-04-06,2355.31005859375
"823",2023-04-10,2360.30004882812
"824",2023-04-11,2362.60009765625
"825",2023-04-12,2351.830078125
"826",2023-04-13,2382.47998046875
"827",2023-04-14,2376.1298828125
"828",2023-04-17,2385.63989257812
"829",2023-04-18,2387.11010742188
"830",2023-04-19,2387.32006835938
"831",2023-04-20,2373.01000976562
"832",2023-04-21,2374.82006835938
"833",2023-04-24,2375.72998046875
"834",2023-04-25,2335.44995117188
"835",2023-04-26,2325.97998046875
"836",2023-04-27,2369.669921875
"837",2023-04-28,2389.30004882812
"838",2023-05-01,2388.67993164062
"839",2023-05-02,2358.7900390625
"840",2023-05-03,2344.75
"841",2023-05-04,2326.88989257812
"842",2023-05-05,2370.8798828125
"843",2023-05-08,2372.34008789062
"844",2023-05-09,2362.35009765625
"845",2023-05-10,2373.10009765625
"846",2023-05-11,2367.55004882812
"847",2023-05-12,2363.10009765625
"848",2023-05-15,2373.1201171875
"849",2023-05-16,2354.77001953125
"850",2023-05-17,2385.13989257812
"851",2023-05-18,2407.7900390625
"852",2023-05-19,2402.3701171875
"853",2023-05-22,2406.25
"854",2023-05-23,2380.31005859375
"855",2023-05-24,2362.4599609375
"856",2023-05-25,2378.06005859375
"857",2023-05-26,2409.22998046875
"858",2023-05-30,2409.21997070312
"859",2023-05-31,2394.2900390625
"860",2023-06-01,2418.07006835938
"861",2023-06-02,2458.42993164062
"862",2023-06-05,2451.60009765625
"863",2023-06-06,2462.78002929688
"864",2023-06-07,2457
"865",2023-06-08,2469.75
"866",2023-06-09,2470.17993164062
"867",2023-06-12,2492.669921875
"868",2023-06-13,2511.77001953125
"869",2023-06-14,2511.10009765625
"870",2023-06-15,2541.69995117188
"871",2023-06-16,2531.38989257812
"872",2023-06-20,2518.5400390625
"873",2023-06-21,2505.419921875
"874",2023-06-22,2511.76000976562
"875",2023-06-23,2490.97998046875
"876",2023-06-26,2482.06005859375
"877",2023-06-27,2512.42993164062
"878",2023-06-28,2513.47998046875
"879",2023-06-29,2525.63989257812
"880",2023-06-30,2554.48999023438
"881",2023-07-03,2558.67993164062
"882",2023-07-05,2551.26000976562
"883",2023-07-06,2528.34008789062
"884",2023-07-07,2525.7099609375
"885",2023-07-10,2536
"886",2023-07-11,2555.88989257812
"887",2023-07-12,2574.76000976562
"888",2023-07-13,2597.78002929688
"889",2023-07-14,2591.8701171875
"890",2023-07-17,2603.98999023438
"891",2023-07-18,2623.73999023438
"892",2023-07-19,2630.73999023438
"893",2023-07-20,2611.27001953125
"894",2023-07-21,2611.22998046875
"895",2023-07-24,2620.28002929688
"896",2023-07-25,2626.90991210938
"897",2023-07-26,2628.59008789062
"898",2023-07-27,2609
"899",2023-07-28,2636.64990234375
"900",2023-07-31,2643.68994140625
"901",2023-08-01,2635.92993164062
"902",2023-08-02,2598.27001953125
"903",2023-08-03,2591.48999023438
"904",2023-08-04,2578.8701171875
"905",2023-08-07,2600.02001953125
"906",2023-08-08,2587.3798828125
"907",2023-08-09,2568.669921875
"908",2023-08-10,2568.6298828125
"909",2023-08-11,2566.13989257812
"910",2023-08-14,2578.94995117188
"911",2023-08-15,2548.64990234375
"912",2023-08-16,2528.47998046875
"913",2023-08-17,2507.080078125
"914",2023-08-18,2508.52001953125
"915",2023-08-21,2523.65991210938
"916",2023-08-22,2516.60009765625
"917",2023-08-23,2544.78002929688
"918",2023-08-24,2510.3798828125
"919",2023-08-25,2526.73999023438
"920",2023-08-28,2542.90991210938
"921",2023-08-29,2580.56005859375
"922",2023-08-30,2591.080078125
"923",2023-08-31,2588.11010742188
"924",2023-09-01,2595.63989257812
"925",2023-09-05,2580.84008789062
"926",2023-09-06,2564.2099609375
"927",2023-09-07,2554.96997070312
"928",2023-09-08,2557.90991210938
"929",2023-09-11,2574.5400390625
"930",2023-09-12,2561.42993164062
"931",2023-09-13,2561.51000976562
"932",2023-09-14,2583.5
"933",2023-09-15,2553.13989257812
"934",2023-09-18,2553.02001953125
"935",2023-09-19,2546.85009765625
"936",2023-09-20,2523.81005859375
"937",2023-09-21,2481.14990234375
"938",2023-09-22,2475.65991210938
"939",2023-09-25,2485.51000976562
"940",2023-09-26,2449.5
"941",2023-09-27,2452.92993164062
"942",2023-09-28,2468.5400390625
"943",2023-09-29,2462.06005859375
"944",2023-10-02,2457.93994140625
"945",2023-10-03,2422.07006835938
"946",2023-10-04,2440.88989257812
"947",2023-10-05,2437.85009765625
"948",2023-10-06,2466.92993164062
"949",2023-10-09,2482.61010742188
"950",2023-10-10,2497.48999023438
"951",2023-10-11,2507.14990234375
"952",2023-10-12,2486.89990234375
"953",2023-10-13,2473.25
"954",2023-10-16,2501.3701171875
"955",2023-10-17,2504.28002929688
"956",2023-10-18,2467.60009765625
"957",2023-10-19,2444.82006835938
"958",2023-10-20,2414.02001953125
"959",2023-10-23,2407.94995117188
"960",2023-10-24,2426.06005859375
"961",2023-10-25,2389.09008789062
"962",2023-10-26,2364.6298828125
"963",2023-10-27,2351.419921875
"964",2023-10-30,2378.3798828125
"965",2023-10-31,2394.59008789062
"966",2023-11-01,2417.85009765625
"967",2023-11-02,2465.2099609375
"968",2023-11-03,2493.26000976562
"969",2023-11-06,2493.11010742188
"970",2023-11-07,2500.55004882812
"971",2023-11-08,2500.5400390625
"972",2023-11-09,2478.419921875
"973",2023-11-10,2515.64990234375
"974",2023-11-13,2513.85009765625
"975",2023-11-14,2569.78002929688
"976",2023-11-15,2574.2900390625
"977",2023-11-16,2572.96997070312
"978",2023-11-17,2579.3798828125
"979",2023-11-20,2598.14990234375
"980",2023-11-21,2590.61010742188
"981",2023-11-22,2601.97998046875
"982",2023-11-24,2605.330078125
"983",2023-11-27,2600.27001953125
"984",2023-11-28,2601.97998046875
"985",2023-11-29,2602.81005859375
"986",2023-11-30,2612.8701171875
"987",2023-12-01,2635.080078125
"988",2023-12-04,2624.8798828125
"989",2023-12-05,2619.39990234375
"990",2023-12-06,2609.7900390625
"991",2023-12-07,2630.17993164062
"992",2023-12-08,2641.92993164062
"993",2023-12-11,2652.23999023438
"994",2023-12-12,2662.93994140625
"995",2023-12-13,2704.419921875
"996",2023-12-14,2719.2099609375
"997",2023-12-15,2716.5400390625
"998",2023-12-18,2727.43994140625
"999",2023-12-19,2747.03002929688
"1000",2023-12-20,2705.15991210938
"1001",2023-12-21,2735.080078125
"1002",2023-12-22,2741.19995117188
"1003",2023-12-26,2754.71997070312
"1004",2023-12-27,2759.21997070312
"1005",2023-12-28,2759.6201171875
"1006",2023-12-29,2748.2099609375
"1007",2024-01-02,2730.8798828125
"1008",2024-01-03,2703.05004882812
"1009",2024-01-04,2695.23999023438
"1010",2024-01-05,2699.93994140625
"1011",2024-01-08,2739.60009765625
"1012",2024-01-09,2733.75
"1013",2024-01-10,2747.92993164062
"1014",2024-01-11,2744.73999023438
"1015",2024-01-12,2745.75
"1016",2024-01-16,2733.52001953125
"1017",2024-01-17,2717.5
"1018",2024-01-18,2740.48999023438
"1019",2024-01-19,2773.7099609375
"1020",2024-01-22,2784.57006835938
"1021",2024-01-23,2790.46997070312
"1022",2024-01-24,2789.57006835938
"1023",2024-01-25,2804.13989257812
"1024",2024-01-26,2803.39990234375
"1025",2024-01-29,2827.64990234375
"1026",2024-01-30,2823.75
"1027",2024-01-31,2776.35009765625
"1028",2024-02-01,2811.01000976562
"1029",2024-02-02,2837.1298828125
"1030",2024-02-05,2824.28002929688
"1031",2024-02-06,2833.5
"1032",2024-02-07,2855.48999023438
"1033",2024-02-08,2861.6298828125
"1034",2024-02-09,2879.96997070312
"1035",2024-02-12,2881.19995117188
"1036",2024-02-13,2835.919921875
"1037",2024-02-14,2867.6298828125
"1038",2024-02-15,2888.22998046875
"1039",2024-02-16,2882.63989257812
"1040",2024-02-20,2853.40991210938
"1041",2024-02-21,2854.6201171875
"1042",2024-02-22,2911.39990234375
"1043",2024-02-23,2913.21997070312
"1044",2024-02-26,2904.89990234375
"1045",2024-02-27,2912.51000976562
"1046",2024-02-28,2906.84008789062
"1047",2024-02-29,2922.15991210938
"1048",2024-03-01,2944.86010742188
"1049",2024-03-04,2941.78002929688
"1050",2024-03-05,2911.18994140625
"1051",2024-03-06,2927.42993164062
"1052",2024-03-07,2956.72998046875
"1053",2024-03-08,2938.6298828125
"1054",2024-03-11,2933.63989257812
"1055",2024-03-12,2962.98999023438
"1056",2024-03-13,2959.21997070312
"1057",2024-03-14,2946.2099609375
"1058",2024-03-15,2929.51000976562
"1059",2024-03-18,2944.93994140625
"1060",2024-03-19,2961.580078125
"1061",2024-03-20,2991.2900390625
"1062",2024-03-21,3003.19995117188
"1063",2024-03-22,2995.59008789062
"1064",2024-03-25,2987.88989257812
"1065",2024-03-26,2980.67993164062
"1066",2024-03-27,3008.75
"1067",2024-03-28,3012.89990234375
"1068",2024-04-01,3004.21997070312
"1069",2024-04-02,2979.7099609375
"1070",2024-04-03,2984.21997070312
"1071",2024-04-04,2948.25
"1072",2024-04-05,2980.07006835938
"1073",2024-04-08,2981.06005859375
"1074",2024-04-09,2985.5
"1075",2024-04-10,2953.419921875
"1076",2024-04-11,2974.09008789062
"1077",2024-04-12,2929.53002929688
"1078",2024-04-15,2892.63989257812
"1079",2024-04-16,2885.76000976562
"1080",2024-04-17,2868.17993164062
"1081",2024-04-18,2861.94995117188
"1082",2024-04-19,2840.52001953125
"1083",2024-04-22,2865.61010742188
"1084",2024-04-23,2902.13989257812
"1085",2024-04-24,2901.830078125
"1086",2024-04-25,2888.01000976562
"1087",2024-04-26,2916.19995117188
"1088",2024-04-29,2925.98999023438
"1089",2024-04-30,2878.1201171875
"1090",2024-05-01,2871.19995117188
"1091",2024-05-02,2899.5400390625
"1092",2024-05-03,2934.080078125
"1093",2024-05-06,2965.80004882812
"1094",2024-05-07,2968.67993164062
"1095",2024-05-08,2966.72998046875
"1096",2024-05-09,2983.30004882812
"1097",2024-05-10,2986.25
"1098",2024-05-13,2985.57006835938
"1099",2024-05-14,3001.9599609375
"1100",2024-05-15,3036.63989257812
"1101",2024-05-16,3028.4599609375
"1102",2024-05-17,3031.98999023438
"1103",2024-05-20,3035.51000976562
"1104",2024-05-21,3040.96997070312
"1105",2024-05-22,3030.80004882812
"1106",2024-05-23,3005.10009765625
"1107",2024-05-24,3026.64990234375
"1108",2024-05-28,3025.0400390625
"1109",2024-05-29,3000.81005859375
"1110",2024-05-30,2987.28002929688
"1111",2024-05-31,3009.71997070312
"1112",2024-06-03,3010.57006835938
"1113",2024-06-04,3010.35009765625
"1114",2024-06-05,3046.46997070312
"1115",2024-06-06,3044.46997070312
"1116",2024-06-07,3037.919921875
"1117",2024-06-10,3046.63989257812
"1118",2024-06-11,3053.03002929688
"1119",2024-06-12,3081.05004882812
"1120",2024-06-13,3083.27001953125
"1121",2024-06-14,3077.69995117188
"1122",2024-06-17,3100.90991210938
"1123",2024-06-18,3108.07006835938
"1124",2024-06-20,3100.69995117188
"1125",2024-06-21,3097.60009765625
"1126",2024-06-24,3091.5
"1127",2024-06-25,3100.1298828125
"1128",2024-06-26,3103.86010742188
"1129",2024-06-27,3108.97998046875
"1130",2024-06-28,3099.15991210938
"1131",2024-07-01,3104.09008789062
"1132",2024-07-02,3121.8701171875
"1133",2024-07-03,3136.64990234375
"1134",2024-07-05,3150.55004882812
"1135",2024-07-08,3154.39990234375
"1136",2024-07-09,3154.2900390625
"1137",2024-07-10,3185.57006835938
"1138",2024-07-11,3170.47998046875
"1139",2024-07-12,3189.669921875
"1140",2024-07-15,3202.22998046875
"1141",2024-07-16,3230.6201171875
"1142",2024-07-17,3185.09008789062
"1143",2024-07-18,3156.919921875
"1144",2024-07-19,3136.4599609375
"1145",2024-07-22,3170.96997070312
"1146",2024-07-23,3169.3798828125
"1147",2024-07-24,3095.2900390625
"1148",2024-07-25,3085.65991210938
"1149",2024-07-26,3121.5
"1150",2024-07-29,3121.84008789062
"1151",2024-07-30,3109.02001953125
"1152",2024-07-31,3154.23999023438
"1153",2024-08-01,3106.61010742188
"1154",2024-08-02,3043.9599609375
"1155",2024-08-05,2952.93994140625
"1156",2024-08-06,2983.88989257812
"1157",2024-08-07,2959.81005859375
"1158",2024-08-08,3029.48999023438
"1159",2024-08-09,3042.67993164062
"1160",2024-08-12,3039.59008789062
"1161",2024-08-13,3090.68994140625
"1162",2024-08-14,3100.89990234375
"1163",2024-08-15,3152.98999023438
"1164",2024-08-16,3159.2900390625
"1165",2024-08-19,3190.19995117188
"1166",2024-08-20,3180.97998046875
"1167",2024-08-21,3198.02001953125
"1168",2024-08-22,3169.4599609375
"1169",2024-08-23,3211.22998046875
"1170",2024-08-26,3201.47998046875
"1171",2024-08-27,3204.36010742188
"1172",2024-08-28,3184.57006835938
"1173",2024-08-29,3187.31005859375
"1174",2024-08-30,3218.48999023438
"1175",2024-09-03,3147.97998046875
"1176",2024-09-04,3142.2900390625
"1177",2024-09-05,3131.90991210938
"1178",2024-09-06,3077.84008789062
"1179",2024-09-09,3111.30004882812
"1180",2024-09-10,3123.56005859375
"1181",2024-09-11,3155.30004882812
"1182",2024-09-12,3180.10009765625
"1183",2024-09-13,3202.34008789062
"1184",2024-09-16,3208.13989257812
"1185",2024-09-17,3211
"1186",2024-09-18,3203.23999023438
"1187",2024-09-19,3258.7900390625
"1188",2024-09-20,3250.5
"1189",2024-09-23,3258.89990234375
"1190",2024-09-24,3266.7099609375
"1191",2024-09-25,3257.2900390625
"1192",2024-09-26,3271.17993164062
"1193",2024-09-27,3269
"1194",2024-09-30,3281.28002929688
"1195",2024-10-01,3250.52001953125
"1196",2024-10-02,3250.85009765625
"1197",2024-10-03,3244.01000976562
"1198",2024-10-04,3275.40991210938
"1199",2024-10-07,3244.36010742188
"1200",2024-10-08,3272.419921875
"1201",2024-10-09,3295.10009765625
"1202",2024-10-10,3288.23999023438
"1203",2024-10-11,3313.169921875
"1204",2024-10-14,3337.90991210938
"1205",2024-10-15,3315.40991210938
"1206",2024-10-16,3333.3798828125
"1207",2024-10-17,3332.4599609375
"1208",2024-10-18,3344.7900390625
"1209",2024-10-21,3334.19995117188
"1210",2024-10-22,3330.92993164062
"1211",2024-10-23,3301.27001953125
"1212",2024-10-24,3309.15991210938
"1213",2024-10-25,3306.14990234375
"1214",2024-10-28,3319.11010742188
"1215",2024-10-29,3324
"1216",2024-10-30,3314.3701171875
"1217",2024-10-31,3254.84008789062
"1218",2024-11-01,3267.78002929688
"1219",2024-11-04,3260.3701171875
"1220",2024-11-05,3302.64990234375
"1221",2024-11-06,3395.36010742188
"1222",2024-11-07,3418.68994140625
"1223",2024-11-08,3433.03002929688
"1224",2024-11-11,3443.76000976562
"1225",2024-11-12,3430.25
"1226",2024-11-13,3428.28002929688
"1227",2024-11-14,3404.89990234375
"1228",2024-11-15,3360.01000976562
"1229",2024-11-18,3373.47998046875
"1230",2024-11-19,3388.81005859375
"1231",2024-11-20,3390.61010742188
"1232",2024-11-21,3413.669921875
"1233",2024-11-22,3432.02001953125
"1234",2024-11-25,3447.22998046875
"1235",2024-11-26,3461.48999023438
"1236",2024-11-27,3449.5400390625
"1237",2024-11-29,3466.85009765625
"1238",2024-12-02,3473.73999023438
"1239",2024-12-03,3474.19995117188
"1240",2024-12-04,3497.72998046875
"1241",2024-12-05,3487.25
"1242",2024-12-06,3497.78002929688
"1243",2024-12-09,3473.35009765625
"1244",2024-12-10,3460.19995117188
"1245",2024-12-11,3488.85009765625
"1246",2024-12-12,3468.38989257812
"1247",2024-12-13,3466.19995117188
"1248",2024-12-16,3480.080078125
"1249",2024-12-17,3463.0400390625
"1250",2024-12-18,3353.78002929688
"1251",2024-12-19,3350.01000976562
"1252",2024-12-20,3386.80004882812
"1253",2024-12-23,3407.2900390625
"1254",2024-12-24,3444.25
"1255",2024-12-26,3444.7900390625
"1256",2024-12-27,3405.75
"1257",2024-12-30,3370.1298828125
